Elapsed Time,1-instances-per-model-batch-1-time-2000,1-instances-per-model-batch-3-time-2000,1-instances-per-model-batch-5-time-2000,2-instances-per-model-batch-1-time-2000,2-instances-per-model-batch-3-time-2000,2-instances-per-model-batch-5-time-2000,3-instances-per-model-batch-1-time-2000,3-instances-per-model-batch-3-time-2000,3-instances-per-model-batch-5-time-2000,4-instances-per-model-batch-1-time-2000,4-instances-per-model-batch-3-time-2000,4-instances-per-model-batch-5-time-2000
3878.0,,,,,,,3.878,,,,,
3881.0,,,,,,,,,,3.881,,
4097.0,,,,,,4.097,,,,,,
4170.0,4.17,,,,,,,,,,,
7312.0,,,,,,,,,7.312,,,
7426.0,,,,,,,,,,,,7.426
7472.0,,7.472,,,,,,,,,,
7523.0,,,7.523,,,,,,,,,
7550.0,,,,,7.55,,,,,,,
7763.0,,,,,,,3.67,,,,,
7769.0,,,,,,,,,,3.466,,
7871.0,,,,,,,,7.871,,,,
8068.0,,,,,,,,,,,8.068,
8202.0,,,,,,7.295,,,,,,
8348.0,3.566,,,,,,,,,,,
11235.0,,,,,,,,,,3.69,,
11435.0,,,,,,,3.992,,,,,
11916.0,3.685,,,,,,,,,,,
14632.0,,,,,,,,,7.291,,,
14864.0,,,,,,,,,,,,7.39
14925.0,,,,,,,,,,3.477,,
14953.0,,7.455,,,,,,,,,,
15062.0,,,7.32,,,,,,,,,
15109.0,,,,,7.558,,,,,,,
15428.0,,,,,,,5.223,,,,,
15498.0,,,,,,7.427,,,,,,
15600.0,3.485,,,,,,,,,,,
15752.0,,,,,,,,7.866,,,,
16150.0,,,,,,,,,,,7.634,
18403.0,,,,,,,,,,4.61,,
19086.0,3.376,,,,,,,,,,,
20651.0,,,,,,,3.479,,,,,
21926.0,,,,,,,,,7.419,,,
22254.0,,,,,,,,,,,,7.37
22383.0,,,7.368,,,,,,,,,
22409.0,,7.474,,,,,,,,,,
22463.0,3.381,,,,,,,,,,,
22666.0,,,,,7.373,,,,,,,
22927.0,,,,,,7.473,,,,,,
23014.0,,,,,,,,,,3.448,,
23620.0,,,,,,,,7.679,,,,
23762.0,,,,,,,,,,3.448,,
23763.0,,,,,,,3.646,,,,,
23784.0,,,,,,,,,,,7.599,
23980.0,,,,,,7.444,,,,,,
24056.0,4.346,,,,,,,,,,,
24132.0,,,,,,,3.584,,,,,
25844.0,5.323,,,,,,,,,,,
26464.0,,,,,,,,,,3.406,,
27188.0,,,,,,,,,7.496,,,
27212.0,,,,,,,,,,3.686,,
27301.0,,,,,,,,,,,,7.364
27337.0,,7.403,,,,,,,,,,
27381.0,,,7.427,,,,,,,,,
27410.0,,,,,,,3.582,,,,,
27443.0,,,,,7.514,,,,,,,
27717.0,,,,,,,3.686,,,,,
27765.0,,,,,,,,7.53,,,,
27959.0,,,,,,,,,,,7.421,
28373.0,,,,28.373,,,,,,,,
28403.0,5.322,,,,,,,,,,,
29346.0,,,,,,,,,7.41,,,
29626.0,,,,,,,,,,,,7.473
29752.0,,,7.948,,,,,,,,,
29871.0,,,,,,,,,,3.483,,
29883.0,,7.774,,,,,,,,,,
30042.0,,,,,7.579,,,,,,,
30401.0,,,,,,7.374,,,,,,
30899.0,,,,,,,,,,3.479,,
30994.0,,,,,,,3.584,,,,,
31168.0,5.017,,,,,,,,,,,
31298.0,,,,,,,,7.476,,,,
31384.0,,,,,,,,,,,7.383,
31405.0,,,,,,,3.58,,,,,
31425.0,,,,,,8.666,,,,,,
33355.0,,,,,,,,,,3.583,,
33727.0,5.221,,,,,,,,,,,
34380.0,,,,,,,,,,3.484,,
34578.0,,,,,,,3.584,,,,,
34665.0,,,,,,,,,,,,7.347
34686.0,,,,,,,,,7.414,,,
34744.0,,7.632,,,,,,,,,,
34810.0,,,7.573,,,,,,,,,
34959.0,,,,,7.472,,,,,,,
34986.0,,,,,,,3.584,,,,,
35295.0,,,,,,,,7.471,,,,
35382.0,,,,,,,,,,,7.37,
36187.0,5.222,,,,,,,,,,,
36757.0,,,,,,,,,7.384,,,
36940.0,,,,,,,,,,3.584,,
37098.0,,,,,,,,,,,,7.477
37621.0,,,,,7.425,,,,,,,
37658.0,,8.301,,,,,,,,,,
37701.0,,,8.264,,,,,,,,,
37775.0,,,,,,7.473,,,,,,
37866.0,,,,,,,,,,3.579,,
38162.0,,,,,,,3.687,,,,,
38571.0,,,,,,,3.582,,,,,
38767.0,,,,,,,,,,,7.463,
38775.0,,,,,,,,7.471,,,,
38950.0,5.05,,,,,,,,,,,
40092.0,,,,,,7.412,,,,,,
40523.0,,,,,,,,,,3.582,,
41408.0,5.322,,,,,,,,,,,
41445.0,,,,,,,,,,3.585,,
41849.0,,,,,,,3.583,,,,,
42012.0,,,,,,,,,,,,7.479
42100.0,,,,,,,,,7.404,,,
42153.0,,,,,,,3.689,,,,,
42376.0,,8.193,,,,,,,,,,
42384.0,,,8.086,,,,,,,,,
42431.0,,,,,7.338,,,,,,,
42751.0,,,,,,,,,,,7.476,
42767.0,,,,,,,,7.376,,,,
43762.0,,,,,,,,,,3.8289999999999997,,
43767.0,,,,,,,4.029,,,,,
43981.0,,,,,,9.404,,,,,,
43982.0,,,,,,9.403,,,,,,
43999.0,5.297,,,,,,,,,,,
44056.0,9.456,,,,,,,,,,,
44107.0,,,,,,,,,,3.756,,
44142.0,,,,,,,,,7.348,,,
44581.0,,,,,,,,,,,,7.57
45031.0,,,,,,,,,,3.583,,
45047.0,,,,,7.506,,,,,,,
45250.0,,,,,,10.446,,,,,,
45433.0,,,,,,,3.686,,,,,
45843.0,,,,,,,4.305,,,,,
45961.0,,9.424,,,,,,,,,,
45966.0,,,7.987,,,,,,,,,
46232.0,,,,,,,,,,,9.219,
46249.0,,,,,,,,9.264,,,,
46731.0,10.754,,,,,,,,,,,
47188.0,,,,,,,,,9.76,,,
47304.0,,,,,,,,,,,,9.764
47337.0,,8.048,,,,,,,,,,
47385.0,,,11.278,,,,,,,,,
47386.0,,,,,,,3.505,,,,,
47442.0,,,,,5.7885,,,,,,,
47506.0,,,,,,7.459,,,,,,
47588.0,,,,,,,,,,3.792,,
47597.0,,,,,,,,,,3.786,,
47760.0,,,,,,,,7.753,,,,
47762.0,,,,,,,,7.451,,,,
47864.0,,,,,,,,,,3.633,,
47960.0,,,,,,,,,,,7.491,
47961.0,,,,,,,,,,,7.182,
48208.0,,,,,,,3.573,,,,,
48244.0,,,,7.078,,,,,,,,
48615.0,,,,,,,,,,3.685,,
49119.0,,,,,,,3.79,,,,,
49297.0,10.748,,,,,,,,,,,
49492.0,,,,,,,,,,,,7.583
49507.0,,,,,,,,,7.513,,,
49770.0,,,,,3.676,,,,,,,
50143.0,,,,,,,,5.369,,,,
50148.0,,,,,,,3.609,,,,,
50229.0,,,,,,,,,,,5.222,
50471.0,,,10.935,,,,,,,,,
50569.0,,9.114,,,,,,,,,,
50891.0,,,,,,,3.758,,,,,
51381.0,,,,,,,,,,3.688,,
51383.0,,,,,,,,,,3.682,,
51493.0,,,,,,,,,7.396,,,
51498.0,,,,,,,,,,3.582,,
51781.0,,,,,,,3.953,,,,,
52100.0,10.607,,,,,,,,,,,
52153.0,,,,,,,,,,,,7.373
52300.0,,,,,,,,,,3.683,,
52554.0,,,,,8.722,,,,,,,
52910.0,,,,,,,3.612,,,,,
53231.0,,,,,8.045,,,,,,,
53232.0,,,,,8.044,,,,,,,
53386.0,,,,,,7.327,,,,,,
53447.0,,,,,5.777,,,,,,,
53758.0,,,,,,,3.55,,,,,
53955.0,,,9.511,,,,,,,,,
54650.0,,,,,,,3.797,,,,,
54926.0,10.237,,,,,,,,,,,
54965.0,,,,,,7.284,,,,,,
55066.0,,,,,,,,,,3.733,,
55070.0,,,,,,,,,,3.747,,
55080.0,,,,,,,,,,3.701,,
55334.0,,,,3.462,,,,,,,,
55386.0,,8.985,,,,,,,,,,
55452.0,,,,,,,,,,,7.2683333333333335,
55512.0,,,,,,,,7.534,,,,
55513.0,,,,,,,,7.533,,,,
55695.0,,,,,,9.111,,,,,,
55735.0,,,,,,,3.625,,,,,
55984.0,,,,,,,,,,3.688,,
56523.0,,,,,,,3.757,,,,,
56748.0,,,,3.584,,,,,,,,
56949.0,,,,,,,,,9.93,,,
57019.0,,,,,,,,,7.606,,,
57069.0,,,,,,,,,,,,11.674
57074.0,,,,,,,,,,,,11.669
57309.0,,,,,,,3.997,,,,,
57486.0,10.341,,,,,,,,,,,
58448.0,,,,,,,3.777,,,,,
58664.0,,,10.139,,,,,,,,,
58782.0,,,,,,,,,,3.691,,
58797.0,,,,3.481,,,,,,,,
58800.0,,,,,,,,,,3.668,,
58818.0,,,,,,,,,,3.688,,
58890.0,,,,,,,,,7.579,,,
59360.0,,,,,,,3.894,,,,,
59526.0,,,,,,,,,,,,7.475
59673.0,,,,,,,,,,3.686,,
59684.0,,9.008,,,,,,,,,,
60045.0,10.35,,,,,,,,,,,
60281.0,,,,,,,3.893,,,,,
60333.0,,,,3.345,,,,,,,,
60714.0,,,,,,7.353,,,,,,
61277.0,,,,,7.348,,,,,,,
61307.0,,,,,,,3.785,,,,,
61407.0,,,11.653,,,,,,,,,
62226.0,,,,,,,3.763,,,,,
62251.0,,,,,,13.97,,,,,,
62279.0,,,,3.472,,,,,,,,
62470.0,,,,,,,,,,3.787,,
62475.0,,,,,,,,,,3.805,,
62507.0,,,,,,,,,,3.741,,
62707.0,10.34,,,,,,,,,,,
62721.0,,,,,,,,,,,7.7844999999999995,
62722.0,,,,,,,,,,,7.784,
63048.0,,,,,,,,7.668333333333333,,,,
63254.0,,,,,,,3.683,,,,,
63360.0,,,,,,,,,,3.686,,
63467.0,,,9.593,,,,,,,,,
63679.0,,,,3.512,,,,,,,,
63759.0,,,,,,,,,,6.266500000000001,,
63760.0,,,,,,,,,,6.274,,
63761.0,,,,,,,,,,8.203,,
63765.0,,,,,,,5.578250000000001,,,,,
63978.0,,,,,,12.243,,,,,,
63979.0,,,,,,12.243,,,,,,
63980.0,,,,,,12.242,,,,,,
63981.0,,,,,,11.68,,,,,,
64056.0,15.238999999999999,,,,,,,,,,,
64057.0,17.083,,,,,,,,,,,
64175.0,,,,,,,7.574,,,,,
64371.0,,8.933,,,,,,,,,,
64374.0,,8.931,,,,,,,,,,
64808.0,,,,,,5.71,,,,,,
65093.0,,,,,,,7.577,,,,,
65165.0,21.158,,,,,,,,,,,
65752.0,,,,3.592,,,,,,,,
65989.0,,,,,,,7.603,,,,,
66247.0,,,,,,,,,,6.738,,
66257.0,,,,,,,,,,7.752,,
66280.0,,,,,,,,,,7.727,,
66469.0,,,,,,,,,12.91,,,
66880.0,,,,,,,,,12.4985,,,
66937.0,,,,,,,7.577,,,,,
67001.0,,,,,,,,,,,,12.394
67046.0,,,,,,,,,,7.881,,
67187.0,,,,,,,,,12.192,,,
67189.0,,,,,,,,,7.676,,,
67191.0,,,,,,,,,7.674,,,
67192.0,,,,3.409,,,,,,,,
67303.0,,,,,,,,,,,,12.093
67304.0,,,,,,,,,,,,12.092
67306.0,,,,,,,,,,,,12.091
67335.0,,12.014,,,,,,,,,,
67337.0,,18.439,,,,,,,,,,
67338.0,,12.011,,,,,,,,,,
67386.0,,,14.018,,,,,,,,,
67388.0,,,14.016,,,,,,,,,
67390.0,,,14.015,,,,,,,,,
67447.0,,,,,7.771,,,,,,,
67448.0,,,,,7.77,,,,,,,
67450.0,,,,,5.604,,,,,,,
67761.0,,,,,,,,7.983,,,,
67762.0,,,,,,,,9.926,,,,
67765.0,,,,,,,,5.829,,,,
67828.0,21.195,,,,,,,,,,,
67958.0,,,,,,,,,,,8.177,
67959.0,,,,,,,7.479,,,,,
67960.0,,,,,,,,,,,8.175,
67965.0,,,,,,,,,,,8.17,
67966.0,,,,,,,,,,,5.703,
68067.0,,,,,,8.153,,,,,,
68248.0,,,,4.375,,,,,,,,
68625.0,,,,,11.293,,,,,,,
68627.0,,,,,11.291,,,,,,,
68628.0,,,,,11.29,,,,,,,
68693.0,,17.083,,,,,,,,,,
68743.0,,,,,,,,,,,,9.69
68804.0,,,16.44,,,,,,,,,
68884.0,,,,,,,7.473,,,,,
69344.0,,,,6.549,,,,,,,,
69808.0,,,,,,,7.47,,,,,
70017.0,,,,,,,,,,5.937,,
70035.0,,,,,,,,,,6.8485,,
70397.0,21.289,,,,,,,,,,,
70507.0,,,,,,,,,,,8.599333333333334,
70518.0,,,,,,9.853,,,,,,
70600.0,,,,4.168,,,,,,,,
70717.0,,,,,,,,7.1419999999999995,,,,
70724.0,,,,,,,7.58,,,,,
71749.0,,,,,,,7.476,,,,,
71908.0,,,,6.652,,,,,,,,
71964.0,,,,,,,,,,5.936,,
72671.0,,,,,,,7.442,,,,,
72986.0,,,,,,,,,,5.939,,
73049.0,21.296,,,,,,,,,,,
73057.0,,,,,6.523,,,,,,,
73061.0,,,16.0235,,,,,,,,,
73306.0,,16.513666666666666,,,,,,,,,,
73338.0,,,,4.195,,,,,,,,
73593.0,,,,,,,7.476,,,,,
73595.0,,,,,,,,5.321,,,,
73670.0,,,,,,,,,,,4.822,
74008.0,,,,,,,,,,5.84,,
74010.0,,,,,,,,,,5.843,,
74515.0,,,,,,,7.575,,,,,
74770.0,,,,6.554,,,,,,,,
74865.0,,,,,,,,,7.614,,,
74866.0,,,,,,,,,7.613,,,
74928.0,,,,,,,,,,5.837,,
75220.0,,,,,9.959000000000001,,,,,,,
75439.0,,,,,,,7.574,,,,,
75611.0,21.196,,,,,,,,,,,
75662.0,,,,,,12.812,,,,,,
75745.0,,,,,,,,8.702,,,,
75895.0,,,,4.51,,,,,,,,
75954.0,,,,,,,,,,5.876,,
76136.0,,,,,,,,,,,7.986,
76220.0,,,,,,12.254,,,,,,
76221.0,,,,,,12.253,,,,,,
76222.0,,,,,,13.2195,,,,,,
76223.0,,,,,,9.12,,,,,,
76357.0,,,,,,,7.584,,,,,
76876.0,,,,,,,,,,5.836,,
76889.0,,,,,,,,,,5.914,,
77278.0,,,,,,,7.58,,,,,
77534.0,,,,6.449,,,,,,,,
77689.0,,,,,,,,9.017,,,,
77900.0,,,,,,,,,,5.735,,
78305.0,,,,,,,7.471,,,,,
78435.0,,,,,,,,,,,,13.162999999999998
78477.0,21.196,,,,,,,,,,,
78494.0,,,,,,,,,,,8.704333333333333,
78562.0,,,,4.547,,,,,,,,
78917.0,,,,,,,,8.438,,,,
78925.0,,,,,,,,,,5.855,,
79226.0,,,,,,,7.368,,,,,
79350.0,,15.666,,,,,,,,,,
79353.0,,18.838,,,,,,,,,,
79380.0,,,,,,,,,11.9565,,,
79381.0,,,,,,,,,12.154,,,
79396.0,,,,,,,,,,,,11.481666666666664
79398.0,,,,,,,,,,,,10.031
79581.0,,,,,4.955,,,,,,,
79849.0,,,,,,,,,,5.732,,
79854.0,,,,,,,,,,5.864,,
79918.0,,,,,12.589,,,,,,,
79919.0,,,,,9.513,,,,,,,
80115.0,,,,,,,7.405,,,,,
80334.0,,,,,,,,,,,5.63,
80374.0,,,,,,8.099,,,,,,
80406.0,,,,6.037,,,,,,,,
80766.0,,,,,,,,,,5.732,,
81070.0,,,,,,,7.37,,,,,
81142.0,21.299,,,,,,,,,,,
81325.0,,,,4.71,,,,,,,,
81405.0,,,15.77,,,,,,,,,
81830.0,,,,,,,,,,6.007,,
82092.0,,,,,,,7.269,,,,,
82480.0,,,,,,,,,9.053,,,
82713.0,,,,,,,,,,5.951,,
82804.0,,,,,,,,,,5.981,,
83015.0,,,,,,,7.271,,,,,
83110.0,,,,5.997,,,,,,,,
83635.0,,,,,,,,,,5.938,,
83760.0,,,,,,,,,,8.612666666666668,,
83762.0,,,,,,,,,,10.265,,
83763.0,,,,,,,,,,7.926,,
83767.0,,,,,,,,,,10.972,,
83768.0,,,,,,,7.437,,,10.003,,
83771.0,,,,,,,8.834,,,,,
83774.0,,,,,,,10.197,,,,,
83780.0,,,,,,,12.138,,,,,
83781.0,,,,,,,13.0535,,,,,
83804.0,21.192,,,,,,,,,,,
83942.0,,,,,,,14.74,,,,,
83979.0,,,,,,17.294,,,,,,
83980.0,,,,,,17.293,,,,,,
83982.0,,,,,,14.955,,,,,,
83984.0,,,,4.815,,17.289,,,,,,
83987.0,,,,,,14.949999999999998,,,,,,
84055.0,28.931,,,,,,,,,,,
84056.0,39.579,,,,,,,,,,,
84057.0,36.8635,,,,,,,,,,,
84058.0,32.44133333333334,,,,,,,,,,,
84059.0,23.702,,,,,,,,,,,
84124.0,,,,,,,,,,,8.807333333333334,
84447.0,,,,,,,,7.887333333333333,,,,
84537.0,,,,,11.553666666666667,,,,,,,
84781.0,,,,,,,,,,11.965,,
84860.0,,,,,,,14.849,,,,,
85343.0,,,,,,13.595,,,,,,
85584.0,,,,,,,,,,12.046,,
85720.0,,,,,,,,,,11.963,,
85777.0,,16.506333333333334,,,,,14.757,,,,,
85965.0,,,,,,,,,,,9.527,
86036.0,,,,5.608,,,,,,,,
86324.0,42.636,,,,,,,,,,,
86443.0,,,,5.118,,,,,,,,
86465.0,,,,,10.444,,,,,,,
86499.0,,,,,,,,,,11.986,,
86595.0,,,,,,,14.85,,,,,
86707.0,,,,,,,,8.056,,,,
86709.0,,,,,,,,8.055,,,,
86717.0,,,,,,,,8.046,,,,
87187.0,,,,,,,,,12.155,,,
87189.0,,,,,,,,,12.283,,,
87190.0,,,,,,,,,12.284,,,
87191.0,,,,,,,,,12.281,,,
87194.0,,,,,,,,,12.148,,,
87196.0,,,,,,,,,12.146,,,
87199.0,,,,,,,,,,,7.234333333333335,
87304.0,,,,,,,,,,,,12.989
87305.0,,,,,,,,,,,,12.988
87307.0,,,,,,,,,,,,12.986
87308.0,,,,,,,,,,,,12.986
87310.0,,,,,,,,,,,,10.724
87313.0,,,,,,,,,,,,10.721
87331.0,,17.0,,,,,,,,,,
87332.0,,23.245,,,,,,,,,,
87333.0,,25.394333333333332,,,,,,,,,,
87334.0,,29.694,,,,,,,,,,
87337.0,,29.691,,,,,,,,,,
87340.0,,35.833,,,,,,,,,,
87388.0,,,19.5135,,,,,,,,,
87389.0,,,24.427500000000002,,,,,,,,,
87395.0,,,29.334,,,,,,,,,
87399.0,,,29.332,,,,,,,,,
87443.0,,,,,12.777,,,,,,,
87444.0,,,,,13.048,,,,,,,
87445.0,,,,,14.4305,,,,,,,
87446.0,,,,,15.812,,,,,,,
87454.0,,,,,19.49,,,,,,,
87521.0,,,,,,,14.847,,,,,
87760.0,,,,,,,,9.95925,,,,
87761.0,,,,,,,,9.9585,,,,
87763.0,,,,,,,,13.968,,,,
87764.0,,,,,,,,13.967,,,,
87838.0,,,,,,,,,,11.976,,
87959.0,,,,,,,,,,,11.259,
87960.0,,,,,,,,,,,8.861,
87961.0,,,,,,,,,,,12.547,
87962.0,,,,,,,,,,,8.86,
87963.0,,,,,,,,,,,12.545,
87964.0,,,,,,,,,,,11.254,
87966.0,,,,,,,,,,,12.542,
88250.0,,,,8.949,,,,,,,,
88251.0,,,,7.034666666666666,,,,,,,,
88440.0,,,,,,,14.961,,,,,
88474.0,,,,,,21.3415,,,,,,
88475.0,,,,,,22.847,,,,,,
88643.0,,,,,,,,13.088,,,,
88666.0,,,,,,,,,,11.989,,
88787.0,,,,,,,,,,11.974,,
88799.0,,,,10.82,,,,,,,,
89025.0,42.393,,,,,,,,,,,
89086.0,,,27.646,,,,,,,,,
89087.0,,,37.475,,,,,,,,,
89108.0,,,,13.18,,,,,,,,
89362.0,,,,,,,14.85,,,,,
89430.0,,,,,,,,,,,,8.665999999999999
89435.0,,,,,17.509,,,,,,,
89573.0,,,,,,,,,,11.879,,
90287.0,,,,,,,14.846,,,,,
90409.0,,,,,,12.697,,,,,,
90833.0,,,,,,,,,,11.848,,
91137.0,,,,,,,,,8.204,,,
91206.0,,,,,,,14.968,,,,,
91534.0,,,,,,,,,16.6846,,,
91561.0,,,,9.295,,,,,,,,
91597.0,,,,,,,,,,,,12.784
91603.0,,,,,,,,,,,,12.778
91645.0,,,,13.435,,,,,,,,
91659.0,,,,,,,,,,11.946,,
91686.0,42.391,,,,,,,,,,,
91690.0,,,,,,,,,,11.924,,
91842.0,,33.48233333333334,,,,,,,,,,
92162.0,,,,,,,14.855,,,,,
92314.0,,,,,,,,,,,10.395333333333333,
92334.0,,,,,,,,10.747499999999999,,,,
92335.0,,,,,,,,10.747,,,,
92508.0,,,,,15.898,,,,,,,
92540.0,,,,,,,,,,11.982,,
93051.0,,,,,,,14.753,,,,,
93772.0,,,,,,,,,,11.773,,
93971.0,,,,,,,15.054,,,,,
94164.0,,,,,,,,,,,5.054,
94328.0,,,,9.317,,,,,,,,
94333.0,,,,13.511,,,,,,,,
94348.0,42.19,,,,,,,,,,,
94628.0,,,,,,,,,,11.842,,
94740.0,,,,,,,,,,11.771,,
94765.0,,,,,,,,11.492333333333335,,,,
94996.0,,,,,,,14.919,,,,,
95493.0,,,,,,,,,,,10.217666666666666,
95516.0,,,,,,,,,,11.976,,
95682.0,,,,,14.186,,,,,,,
95683.0,,,,,14.185,,,,,,,
95914.0,,,,,,,14.746,,,,,
96043.0,,,,,,,,12.811,,,,
96747.0,,,,,,,,,,11.769,,
96808.0,42.493,,,,,,,,,,,
96822.0,,,,,,,,,,,9.302666666666667,
96842.0,,,,,,,15.047,,,,,
96909.0,,,,,16.694,,,,,,,
96911.0,,,,,16.692,,,,,,,
97175.0,,,31.8165,,,,,,,,,
97176.0,,,29.385,,,,,,,,,
97199.0,,,,13.309,,,,,,,,
97200.0,,,,9.149,,,,,,,,
97631.0,,,,,,,,,,11.82,,
97684.0,,,,,,,,,,11.786,,
97757.0,,,,,,,15.056,,,,,
98034.0,,,,,,,,,,,,9.860666666666667
98096.0,,,,,,,,,,,,15.193
98098.0,,,,,,,,,,,,15.192
98191.0,,31.433,,,,,,,,,,
98192.0,,37.475,,,,,,,,,,
98486.0,,,,,,,,,,11.978,,
98682.0,,,,,,,14.744,,,,,
98937.0,,,,,,21.957666666666665,,,,,,
98938.0,,,,,,21.58,,,,,,
99219.0,,,,,,,,,,,11.118333333333334,
99342.0,,,,,,,,,12.438,,,
99343.0,,,,,,,,,12.437,,,
99399.0,,,,,,,,10.752,,,,
99472.0,,,,,,,,,15.538,,,
99473.0,,,,,,,,,15.536,,,
99474.0,,,,,,,,,15.535,,,
99620.0,,,,9.657,,,,,,,,
99674.0,42.291,,,,,,,,,,,
99710.0,,,,,,,14.947,,,,,
99816.0,,,,,,,,,,11.567,,
100293.0,,,,,,,,,,,,12.896666666666667
100294.0,,,,,,,,,,,,12.695
100299.0,,,,,,,,,,,,12.69
100492.0,,,,,16.036,,,,,,,
100509.0,,,,,,,,,,,11.088333333333333,
100534.0,,,,,,,15.041,,,,,
100656.0,,,,,,,,,,11.753,,
100763.0,,,,,,,,,,11.681,,
100856.0,,,,12.314,,,,,,,,
101273.0,,,,,,13.080499999999999,,,,,,
101274.0,,,,,,13.076999999999998,,,,,,
101446.0,,,,,,,14.743,,,,,
101454.0,,,,,,,,,,11.875,,
101732.0,,,,,,,,11.352333333333334,,,,
102289.0,,,,9.753,,,,,,,,
102369.0,,,,,,,15.054,,,,,
102442.0,42.082,,,,,,,,,,,
102684.0,,,,,,,,,,11.67,,
102710.0,,,,,,,,,,,9.778,
102711.0,,,,,,,,,,,7.219,
102712.0,,,,,,,,,,,9.776,
103082.0,,,,,,,,12.341,,,,
103107.0,,,,,,16.287,,,,,,
103258.0,,,,,16.8075,,,,,,,
103259.0,,,,,16.805,,,,,,,
103401.0,,,,,,,14.82,,,,,
103608.0,,,,,,,,,,11.67,,
103616.0,,,,,,,,,,11.737,,
103645.0,,,,12.11,,,,,,,,
103762.0,,,,,,,,,,14.416666666666666,,
103763.0,,,,,,,,,,14.491,,
103764.0,,,,,,,18.444499999999998,,,16.37625,,
103766.0,,,,,,,18.852,,,16.324,,
103767.0,,,,,,,21.947,,,,,
103768.0,,,,,,,24.712666666666667,,,,,
103769.0,,,,,,,23.787,,,,,
103771.0,,,,,,,24.707,,,,,
103772.0,,,,,,,,,,19.312,,
103773.0,,,,,,,26.549,,,,,
103774.0,,,,,,,,,,20.21,,
103779.0,,,,,,,27.464,,,,,
103781.0,,,,,,,,,,20.367,,
103782.0,,,,,,,,,,21.118,,
103783.0,,,,,,,,,,22.451,,
103785.0,,,,,,,29.302,,,23.289,,
103786.0,,,,,,,,,,23.367,,
103978.0,,,,,,26.06,,,,,,
103982.0,,,,,,25.240000000000002,,,,,,
103983.0,,,,,,25.511333333333337,,,,,,
103984.0,,,,,,26.056,,,,,,
103985.0,,,,,,24.4205,,,,,,
103987.0,,,,,,24.418,,,,,,
103989.0,,,,,,36.701,,,,,,
103992.0,,,,,,36.698,,,,,,
103994.0,,,,,,36.696,,,,,,
103998.0,,,,,,36.693,,,,,,
104003.0,,,,,,36.687,,,,,,
104004.0,,,,,,35.048,,,,,,
104059.0,47.49633333333333,,,,,,,,,,,
104060.0,57.564,,,,,,,,,,,
104061.0,49.68,,,,,,,,,,,
104062.0,61.351,,,,,,,,,,,
104064.0,66.678,,,,,,,,,,,
104069.0,64.006,,,,,,,,,,,
104070.0,69.33,,,,,,,,,,,
104073.0,72.099,,,,,,,,,,,
104076.0,77.311,,,,,,,,,,,
104077.0,74.763,,,,,,,,,,,
104080.0,82.53,,,,,,,,,,,
104082.0,79.865,,,,,,,,,,,
104212.0,,,,,,,29.9,,,,,
104332.0,,33.417,,,,,,,,,,
104381.0,,,,,,,,,,,,13.003
104382.0,,,,,,,,,,,,13.001999999999999
104523.0,,,,,,,,,,23.346,,
104997.0,84.176,,,,,,,,,,,
105081.0,,,,9.707,,,,,,,,
105133.0,,,,,,,29.82,,,,,
105297.0,,,,,,,,,,,11.701666666666668,
105546.0,,,,,,,,,,23.555,,
105566.0,,,,,,,,,6.987,,,
105568.0,,,,,,,,,6.985,,,
106173.0,,,,,,,29.68,,,,,
106256.0,,,,,,,,10.446,,,,
106257.0,,,,,,,,10.445,,,,
106258.0,,,,,,,,10.444,,,,
106349.0,,,,12.042,,,,,,,,
106471.0,,,,,,,,,,23.482,,
106511.0,,,,,,,,,,23.521,,
106539.0,,,,,,,,,,,11.892,
106540.0,,,,,,,,,,,11.891,
106901.0,,,29.386,,,,,,,,,
106902.0,,,32.62766666666667,,,,,,,,,
106903.0,,,29.383,,,,,,,,,
106944.0,,,,,16.386499999999998,,,,,,,
106945.0,,,,,16.386,,,,,,,
107016.0,,,,,,,29.801,,,,,
107190.0,,,,,,,,,16.9555,,,
107191.0,,,,,,,,,15.836666666666668,,,
107192.0,,,,,,,,,19.901333333333334,,,
107193.0,,,,,,,,,16.825,,,
107194.0,,,,,,,,,15.338000000000001,,,
107195.0,,,,,,,,,18.571,,,
107198.0,,,,,,,,,16.822,,,
107203.0,,,,,,,,,18.563,,,
107210.0,,,,,,,,,18.555,,,
107211.0,,,,,,,,,18.555,,,
107305.0,,,,,,,,,,,,19.30366666666667
107306.0,,,,,,,,,,,,12.962
107307.0,,,,,,,,,,,,19.583000000000002
107309.0,,,,,,,,,,,,14.229333333333335
107310.0,,,,,,,,,,,,12.957
107311.0,,,,,,,,,,,,28.001
107314.0,,,,,,,,,,,,27.999
107322.0,,,,,,,,,,,,27.309
107324.0,,,,,,,,,,,,16.92
107335.0,,43.8805,,,,,,,,,,
107336.0,,40.825,,,,,,,,,,
107337.0,,42.86033333333333,,,,,,,,,,
107338.0,,47.169,,,,,,,,,,
107339.0,,55.327333333333335,,,,,,,,,,
107342.0,,47.165,,,,,,,,,,
107344.0,,56.314,,,,,,,,,,
107348.0,,59.448,,,,,,,,,,
107352.0,,65.69,,,,,,,,,,
107382.0,,,45.929249999999996,,,,,,,,,
107383.0,,,51.60333333333333,,,,,,,,,
107384.0,,,67.917,,,,,,,,,
107385.0,,,48.258,,,,,,,,,
107386.0,,,48.257,,,,,,,,,
107388.0,,,38.628,,,,,,,,,
107389.0,,,58.188,,,,,,,,,
107390.0,,,58.187,,,,,,,,,
107392.0,,,48.25,,,,,,,,,
107396.0,,,58.181,,,,,,,,,
107397.0,,,58.175,,,,,,,,,
107442.0,,,,,22.44,,,,,,,
107443.0,,,,,20.9535,,,,,,,
107444.0,,,,,28.891,,,,,,,
107445.0,,,,,21.649,,,,,,,
107446.0,,,,,28.889,,,,,,,
107447.0,,,,,24.2245,,,,,,,
107449.0,,,,,27.4495,,,,,,,
107459.0,,,,,32.705,,,,,,,
107461.0,,,,,32.703,,,,,,,
107469.0,,,,,32.704,,,,,,,
107471.0,,,,,35.51,,,,,,,
107492.0,,,,,,,,,,23.347,,
107762.0,84.069,,,,,,,,,,,
107766.0,,,,,,,,12.111,,,,
107767.0,,,,,,,,13.2775,,,,
107768.0,,,,,,,,17.862000000000002,,,,
107769.0,,,,,,,,17.630666666666666,,,,
107770.0,,,,,,,,18.965,,,,
107771.0,,,,,,,,15.792,,,,
107772.0,,,,,,,,18.963,,,,
107776.0,,,,,,,,18.96,,,,
107777.0,,,,,,,,21.27,,,,
107786.0,,,,,,,,21.261,,,,
107803.0,,,,,,,30.0,,,,,
107844.0,,,,9.662,,,,,,,,
107893.0,,,,,,,,,,,,16.352
107898.0,,,,,,,,,,,,16.347
107959.0,,,,,,,,,,,13.596,
107960.0,,,,,,,,,,,16.715,
107961.0,,,,,,,,,,,15.657333333333332,
107962.0,,,,,,,,,,,13.677999999999999,
107963.0,,,,,,,,,,,17.584,
107965.0,,,,,,,,,,,16.919,
107966.0,,,,,,,,,,,15.384,
107967.0,,,,,,,,,,,19.574,
107975.0,,,,,,,,,,,18.235,
108249.0,,,,15.1,,,,,,,,
108250.0,,,,11.888,,,,,,,,
108251.0,,,,16.1725,,,,,,,,
108256.0,,,,20.478,,,,,,,,
108257.0,,,,19.899,,,,,,,,
108516.0,,,,,,,,,,23.555,,
108853.0,,,,,,,,22.594333333333335,,,,
109025.0,,,,,,,29.571,,,,,
109278.0,,,,22.12,,,,,,,,
109313.0,,,,,,29.742,,,,,,
109314.0,,,,,,35.728,,,,,,
109449.0,,,,,,,,,,23.486,,
109469.0,,,,,,,,,,23.505,,
109868.0,,,,,37.119,,,,,,,
109869.0,,,,,33.112,,,,,,,
109916.0,,,,,,,29.708,,,,,
109930.0,,,,,,,,,,,19.197000000000003,
109932.0,,,,,,,,,,,20.781,
109990.0,,,,,,,,,23.254666666666665,,,
110150.0,,,,,,,,24.165333333333333,,,,
110426.0,84.174,,,,,,,,,,,
110463.0,,,,,,,,,,23.185,,
110509.0,,,,20.48,,,,,,,,
110578.0,,66.83466666666665,,,,,,,,,,
110661.0,,,,,,,29.906,,,,,
111152.0,,,,,,,,,,,20.192,
111153.0,,,,,,,,,,,20.822,
111323.0,,,,,,39.709,,,,,,
111381.0,,,,,,,,,,23.552,,
111781.0,,,,,,,,,22.631,,,
111782.0,,,,,,,,,23.214,,,
111786.0,,,,,,,,,23.21,,,
111889.0,,,,,,,29.594,,,,,
112043.0,,,,21.746,,,,,,,,
112406.0,,,,,,,,,,23.402,,
112441.0,,,,,,,,,,23.442,,
112488.0,,,,,,,,,,,20.354,
112554.0,,,,,,,,,23.305,,,
112814.0,,,,,,,29.694,,,,,
112987.0,84.111,,,,,,,,,,,
112990.0,,,,,,,,,,,,16.069
113084.0,,,,,,,,23.31533333333333,,,,
113170.0,,,,20.378,,,,,,,,
113291.0,,,,,,,,,,,,17.2436
113326.0,,,,,,,,,,23.349,,
113426.0,,,,,,,29.991,,,,,
113604.0,,,,,33.383,,,,,,,
113605.0,,,,,34.7625,,,,,,,
114348.0,,,,,,,,,,23.657,,
114659.0,,,,,,,29.694,,,,,
114789.0,,,,21.631,,,,,,,,
115010.0,,,,,,,,,21.716,,,
115011.0,,,,,,,,,25.448999999999998,,,
115012.0,,,,,,,,,21.718,,,
115272.0,,,,,,,,,,23.469,,
115346.0,,,,,,,,,,23.588,,
115424.0,,,,,,,,23.3995,,,,
115425.0,,,,,,,,21.865,,,,
115546.0,84.376,,,,,,,,,,,
115576.0,,,,,,,29.708,,,,,
115756.0,,,,20.554,,,,,,,,
116191.0,,,,,,,30.031,,,23.448,,
116529.0,,,,,34.68533333333334,,,,,,,
116702.0,,,,,,,,24.47366666666667,,,,
116730.0,,,58.571,,,,,,,,,
116731.0,,,63.38249999999999,,,,,,,,,
116732.0,,,68.194,,,,,,,,,
116735.0,,,58.566,,,,,,,,,
116999.0,,,,,,,,,,,16.945,
117000.0,,,,,,,,,,,17.613,
117030.0,,66.79866666666668,,,,,,,,,,
117217.0,,,,,,,,,,23.859,,
117385.0,,,,,,,,,,,,15.398000000000001
117386.0,,,,,,,,,,,,28.976
117387.0,,,,,,,,,,,,28.976
117425.0,,,,,,,29.689,,,,,
117507.0,,,,21.472,,,,,,,,
118142.0,,,,,,,,,,23.859,,
118210.0,84.478,,,,,,,,,,,
118223.0,,,,,,,29.919,,,,,
118248.0,,,,,,,,,,23.749,,
118393.0,,,,20.584,,,,,,,,
118431.0,,,,,,,,,,,17.7145,
118432.0,,,,,,,,,,,19.247,
119057.0,,,,,,,29.915,,,,,
119159.0,,,,,,,,,,23.31,,
119390.0,,,,,,31.644,,,,,,
119395.0,,,,,,30.822,,,,,,
119396.0,,,,,,30.006,,,,,,
119401.0,,,,,,30.0,,,,,,
119760.0,,,,,,,,,,,19.364,
119761.0,,,,,,,,,,,18.641,
119878.0,,,,,,,,23.38033333333333,,,,
120066.0,,,,,34.083,,,,,,,
120072.0,,,,,36.285,,,,,,,
120081.0,,,,,,,,,,23.861,,
120139.0,,,,21.501,,,,,,,,
120188.0,,,,,,,29.693,,,,,
120268.0,,,,,,,,,,,,24.081333333333333
120269.0,,,,,,,,,,,,26.094
120270.0,,,,,,,,,,,,20.052
120865.0,84.487,,,,,,,,,,,
120979.0,,,,20.665,,,,,,,,
121036.0,,,,,,,29.869,,,,,
121106.0,,,,,,,,,,23.878,,
121203.0,,,,,,,,,,23.698,,
121644.0,,,,,,32.977000000000004,,,,,,
121645.0,,,,,,27.756,,,,,,
121808.0,,,,,,,,,,,17.319,
121810.0,,,,,,,,,,,18.572,
122026.0,,,,,,,,,,23.757,,
122030.0,,,,,,,29.735,,,,,
122214.0,,,,,,,,22.956666666666667,,,,
122526.0,,,,,,,,,21.672,,,
122532.0,,,,,,,,,21.667,,,
122534.0,,,,,,,,,21.666,,,
122535.0,,,,,,,,,23.304,,,
122776.0,,,,21.524,,,,,,,,
122952.0,,,,,,,29.794,,,,,
123075.0,,,,,,,,,,23.793,,
123175.0,,62.769,,,,,,,,,,
123176.0,,69.0155,,,,,,,,,,
123331.0,,,,,34.44433333333333,,,,,,,
123349.0,,,,,,,,,,,17.464333333333332,
123512.0,,,,23.348,,,,,,,,
123564.0,,,,,,,,24.8925,,,,
123565.0,,,,,,,,23.653,,,,
123637.0,84.375,,,,,,,,,,,
123761.0,,,,,,,,,,28.75,,
123762.0,,,,,,,,,,24.992,,
123763.0,,,,,,,30.418999999999997,,,28.69366666666666,,
123764.0,,,,,,,,,,26.966,,
123765.0,,,,,,,,,,29.017333333333337,,
123766.0,,,,,,,32.310500000000005,,,30.925,,
123767.0,,,,,,,,,,39.118,,
123768.0,,,,,,,33.69,,,31.947,,
123769.0,,,,,,,40.449,,,37.065,,
123771.0,,,,,,,,,,33.993,,
123772.0,,,,,,,,,,35.017,,
123775.0,,,,,,,36.6555,,,36.139,,
123776.0,,,,,,,36.63,,,40.131,,
123777.0,,,,,,,36.652,,,,,
123782.0,,,,,,,39.509,,,,,
123783.0,,,,,,,,,,53.286,,
123784.0,,,,,,,42.275,,,,,
123785.0,,,,,,,,,,49.784,,
123786.0,,,,,,,,,,50.098,,
123787.0,,,,,,,,,,49.043,,
123789.0,,,,,,,41.528,,,45.137,,
123790.0,,,,,,,,,,44.112,,
123792.0,,,,,,,,,,41.138,,
123793.0,,,,,,,43.185,,,42.164,,
123794.0,,,,,,,,,,43.186,,
123795.0,,,,,,,45.364000000000004,,,46.153,,
123797.0,,,,,,,45.233,,,51.272,,
123800.0,,,,,,,,,,48.2,,
123801.0,,,,,,,48.405,,,,,
123806.0,,,,,,,47.478,,,,,
123809.0,,,,,,,49.419,,,,,
123810.0,,,,,,,50.545,,,,,
123814.0,,,,,,,52.473,,,,,
123816.0,,,,,,,52.432,,,,,
123819.0,,,,,,,54.426,,,,,
123820.0,,,,,,,55.45,,,,,
123823.0,,,,,,,56.575,,,,,
123825.0,,,,,,,57.492,,,,,
123827.0,,,,,,,58.411,,,,,
123828.0,,,,,,,59.998999999999995,,,,,
123862.0,,,,,,,61.654,,,,,
123975.0,,,,,,,,,,54.045,,
123982.0,,,,,,35.86,,,,,,
123985.0,,,,,,35.856,,,,,,
123986.0,,,,,,46.024,,,,,,
123987.0,,,,,,36.6735,,,,,,
123990.0,,,,,,37.488,,,,,,
123991.0,,,,,,37.4875,,,,,,
123992.0,,,,,,37.487,,,,,,
123993.0,,,,,,46.168,,,,,,
123997.0,,,,,,46.165,,,,,,
124000.0,,,,,,51.1695,,,,,,
124001.0,,,,,,56.178,,,,,,
124004.0,,,,,,46.1575,,,,,,
124008.0,,,,,,56.171,,,,,,
124011.0,,,,,,56.168,,,,,,
124013.0,,,,,,47.806,,,,,,
124017.0,,,,,,47.802,,,,,,
124019.0,,,,,,,,,22.22375,,,
124020.0,,,,,,,,,21.814,,,
124021.0,,,,,,47.798,,,,,,
124024.0,,,,,,47.796,,,,,,
124026.0,,,,,,66.274,,,,,,
124030.0,,,,,,66.269,,,,,,
124031.0,,,,,,66.269,,,,,,
124037.0,,,,,,62.0415,,,,,,
124038.0,,,,,,66.262,,,,,,
124041.0,,,,,,57.816,,,,,,
124047.0,,,,,,57.81,,,,,,
124053.0,97.80975000000001,,,,,,,,,,,
124054.0,91.843,,,,,,,,,,,
124055.0,97.099,,,,,,,,,,,
124056.0,105.10300000000001,,,,,,,,,,,
124057.0,112.937,,,,,,,,,,,
124062.0,115.693,,,,,,,,,,,
124067.0,118.351,,,,,,,,,,,
124082.0,,,,,,,,,,,,16.240666666666666
124083.0,,,,,,,,,,,,18.806
124138.0,,,,,,,,,,54.922,,
124246.0,,,,,,,,,,,,18.644000000000002
124247.0,,,,,,,,,,,,21.1985
124792.0,,,,,,,61.697,,,,,
124883.0,,,,,,,,,,,17.850666666666665,
124891.0,,,,,,,,,,55.194,,
125560.0,,,,19.662,,,,,,,,
125716.0,,,,,,,61.747,,,,,
125766.0,,,,,,,,,23.59825,,,
125767.0,,,,,,,,,21.701,,,
126075.0,,,,23.553,,,,,,,,
126209.0,,,,,,,,,,,18.64,
126210.0,,,,,,,,,,,20.258,
126225.0,,,,,,,,,,54.885,,
126561.0,,,60.797250000000005,,,,,,,,,
126562.0,,,68.091,,,,,,,,,
126640.0,,,,,,,61.948,,,,,
126736.0,,,,,,,,23.613999999999997,,,,
126737.0,,,,,,,,22.958,,,,
126911.0,,,,,35.734,,,,,,,
126912.0,,,,,33.7,,,,,,,
127064.0,,,,,,,,,,54.907,,
127143.0,,,,,,,,,,55.966,,
127186.0,,,,,,,,,38.796,,,
127187.0,,,,,,,,,29.4255,,,
127188.0,,,,,,,,,30.984,,,
127189.0,,,,,,,,,30.258000000000003,,,
127190.0,,,,,,,,,27.863,,,
127191.0,,,,,,,,,28.417666666666666,,,
127192.0,,,,,,,,,29.528,,,
127193.0,,,,,,,,,30.011666666666667,,,
127195.0,,,,,,,,,38.786,,,
127198.0,,,,,,,,,38.783500000000004,,,
127200.0,,,,,,,,,38.782,,,
127204.0,,,,,,,,,41.027,,,
127209.0,,,,,,,,,41.023,,,
127211.0,,,,,,,,,41.021,,,
127212.0,,,,,,,,,45.2695,,,
127214.0,,,,,,,,,42.4765,,,
127215.0,,,,,,,,,49.514,,,
127216.0,,,,,,,,,49.514,,,
127218.0,,,,,,,,,42.473,,,
127220.0,,,,,,,,,42.471,,,
127221.0,,,,,,,,,42.47,,,
127302.0,,,,,,,,,,,,23.668999999999997
127304.0,,,,,,,,,,,,20.695500000000003
127305.0,,,,,,,,,,,,20.695
127306.0,,,,,,,,,,,,31.0395
127307.0,,,,,,,,,,,,30.22175
127308.0,,,,,,,,,,,,24.283
127309.0,,,,,,,,,,,,24.282
127310.0,,,,,,,,,,,,35.611
127311.0,,,,,,,,,,,,29.669666666666668
127313.0,,,,,,,,,,,,33.952
127315.0,,,,,,,,,,,,26.629
127319.0,,,,,,,,,,,,41.267
127325.0,,,,,,,,,,,,41.261
127326.0,,,,,,,,,,,,31.837
127327.0,,,,,,,,,,,,31.836
127328.0,,,,,,,,,,,,31.835
127330.0,,,,,,,,,,,,31.833
127334.0,,71.104,,,,,,,,,,35.721
127335.0,,102.131,,,,,,,,,,
127336.0,,81.41199999999999,,,,,,,,,,
127337.0,,,,,,,,,,,,35.718
127338.0,,71.099,,,,,,,,,,
127339.0,,89.7375,,,,,,,,,,
127340.0,,114.332,,,,,,,,,,
127341.0,,92.714,,,,,,,,,,
127345.0,,77.241,,,,,,,,,,
127346.0,,83.482,,,,,,,,,,
127347.0,,89.67699999999999,,,,,,,,,,
127348.0,,86.604,,,,,,,,,,
127349.0,,97.95266666666667,,,,,,,,,,
127351.0,,108.153,,,,,,,,,,
127354.0,,108.15,,,,,,,,,,
127361.0,,108.144,,,,,,,,,,
127365.0,,114.308,,,,,,,,,,
127385.0,,,67.268,,,,,,,,,
127386.0,,,82.01599999999999,,,,,,,,,
127387.0,,,77.0495,,,,,,,,,
127388.0,,,86.831,,,,,,,,,
127389.0,,,86.926,,,,,,,,,
127390.0,,,76.992,,,,,,,,,
127391.0,,,80.26966666666667,,,,,,,,,
127392.0,,,91.792,,,,,,,,,
127393.0,,,91.791,,,,,,,,,
127406.0,,,106.771,,,,,,,,,
127407.0,,,96.744,,,,,,,,,
127412.0,,,96.739,,,,,,,,,
127413.0,,,106.768,,,,,,,,,
127415.0,,,106.767,,,,,,,,,
127418.0,,,106.764,,,,,,,,,
127421.0,,,116.418,,,,,,,,,
127423.0,,,116.416,,,,,,,,,
127432.0,,,116.407,,,,,,,,,
127435.0,,,116.404,,,,,,,,,
127444.0,,,,,35.201,,,,,,,
127446.0,,,,,39.915,,,,,,,
127447.0,,,,,37.556,,,,,,,
127448.0,,,,,44.4075,,,,,,,
127449.0,,,,,41.902,,,,,,,
127450.0,,,,,49.72,,,,,,,
127451.0,,,,,50.1665,,,,,,,
127452.0,,,,,45.650000000000006,,,,,,,
127453.0,,,,,52.992,,,,,,,
127454.0,,,,,52.5605,,,,,,,
127455.0,,,,,57.9015,,,,,,,
127456.0,,,,,60.08,,,,,,,
127457.0,,,,,60.079,,,,,,,
127458.0,,,,,62.33,,,,,,,
127461.0,,,,,62.328,,,,,,,
127463.0,,,,,66.727,,,,,,,
127466.0,,,,,66.724,,,,,,,
127471.0,,,,,69.076,,,,,,,
127474.0,,,,,66.716,,,,,,,
127486.0,,,,,69.062,,,,,,,
127487.0,,,,,69.06,,,,,,,
127541.0,,,,,,,,,,,19.334999999999997,
127557.0,,,,,,,61.956,,,,,
127761.0,,,,,,,,23.244,,,,
127762.0,,,,,,,,26.521,,,,
127763.0,,,,,,,,26.317,,,,
127764.0,,,,,,,,29.420666666666666,,,,
127765.0,,,,,,,,28.67,,,,
127766.0,,,,,,,,30.647666666666666,,,,
127767.0,,,,,,,,29.997,,,,
127768.0,,,,,,,,36.199000000000005,,,,
127769.0,,,,,,,,38.3925,,,,
127770.0,,,,,,,,38.66466666666667,,,,
127771.0,,,,,,,,39.926,,,,
127772.0,,,,,,,,35.391,,,,
127779.0,,,,,,,,42.273,,,,
127781.0,,,,,,,,46.878,,,,
127783.0,,,,,,,,42.269,,,,
127784.0,,,,,,,,43.807,,,,
127785.0,,,,,,,,43.806,,,,
127788.0,,,,,,,,46.871,,,,
127861.0,,,,,,,,,,56.191,,
127958.0,,,,,,,,,,,19.734,
127959.0,,,,,,,,,,,20.964,
127960.0,,,,,,,,,,,23.20325,
127962.0,,,,,,,,,,,26.332,
127964.0,,,,,,,,,,,30.161,
127966.0,,,,,,,,,,,28.572,
127968.0,,,,,,,,,,,29.453666666666667,
127969.0,,,,,,,,,,,32.2175,
127970.0,,,,,,,,,,,31.22,
127974.0,,,,,,,,,,,33.21,
127977.0,,,,,,,,,,,34.510000000000005,
127978.0,,,,,,,,,,,35.812,
127980.0,,,,,,,,,,,38.238,
127981.0,,,,,,,,,,,34.581,
127982.0,,,,,,,,,,,34.58,
127983.0,,,,,,,,,,,34.579,
127985.0,,,,,,,,,,,38.233,
127987.0,,,,,,,,,,,38.231,
128159.0,,,,19.828,,,,,,,,
128249.0,,,,24.04,,,,,,,,
128250.0,,,,24.549999999999997,,,,,,,,
128251.0,,,,25.059,,,,,,,,
128252.0,,,,29.223333333333333,,,,,,,,
128253.0,,,,32.022,,,,,,,,
128254.0,,,,34.989333333333335,,,,,,,,
128255.0,,,,35.91,,,,,,,,
128257.0,,,,39.901,,,,,,,,
128259.0,,,,41.333,,,,,,,,
128260.0,,,,38.569,,,,,,,,
128264.0,,,,42.355,,,,,,,,
128406.0,,,,,,62.71825,,,,,,
128407.0,,,,,,74.234,,,,,,
128479.0,,,,,,,62.16,,,,,
128735.0,,,,44.543,,,,,,,,
129049.0,,,,,,,,47.819,,,,
129050.0,,,,,,,,47.818,,,,
129059.0,,,,,,,,,,,,35.12325
129060.0,,,,,,,,,,,,36.249
129090.0,,,,,,,,,,56.112,,
129405.0,,,,,,,62.152,,,,,
129882.0,,,,,71.066,,,,,,,
129883.0,,,,,71.065,,,,,,,
129942.0,,,,,,,,,,56.158,,
130021.0,,,,,,,,,,57.124,,
130039.0,,,,,,64.695,,,,,,
130040.0,,,,,,72.602,,,,,,
130324.0,,,,,,,62.26,,,,,
130425.0,,,,,,,,48.12366666666666,,,,
130714.0,,,,,,,,,,,37.751,
130829.0,,,,,,,,,,57.213,,
130991.0,,,,41.367,,,,,,,,
131245.0,,,,,,,62.462,,,,,
131400.0,,,,44.644,,,,,,,,
131518.0,,,,,,,,,,,,42.98233333333334
131519.0,,,,,,,,,,,,40.683499999999995
131975.0,,,,,,,,,,,37.684,
131976.0,,,,,,,,,,,37.683,
131978.0,,,,,,,,,,,37.682,
132061.0,,,,,,,,,,57.138,,
132178.0,,,,,,,62.456,,,,,
132927.0,,,,,,,,,,57.208,,
132966.0,,,,,,,,,,58.316,,
133089.0,,,,,,,62.583,,,,,
133245.0,,,,,,,,,44.973333333333336,,,
133246.0,,,,,,,,,44.6,,,
133273.0,,,,,,,,,,,37.724,
133275.0,,,,,,,,,,,37.722,
133461.0,,,,,69.636,,,,,,,
133496.0,,,,,,,,48.00300000000001,,,,
133549.0,,,,41.575,,,,,,,,
133639.0,,,,,,,,,,58.609,,
133790.0,,,,44.812,,,,,,,,
134114.0,,,,,,,62.564,,,,,
134614.0,,,,,,,,,,,38.811,
134633.0,,,,,,,,,,,,44.462
134924.0,,,,,,,,,,58.368,,
134955.0,,,,,,,62.849,,,,,
134996.0,,,,,,,,,43.967,,,
134997.0,,,,,,,,,45.013,,,
135000.0,,,,,,,,,45.01,,,
135312.0,,,,,,,,,,,,34.907
135313.0,,,,,,,,,,,,39.3445
135318.0,,,,,,,,,,,,34.901
135799.0,,,,,,,,,,58.44,,
135855.0,,,,,,,62.873,,,,,
135874.0,,,,,,,,,,59.46,,
135954.0,,,,,,,,47.922,,,,
136286.0,,,117.601,,,,,,,,,
136311.0,,,,41.461,,,,,,,,
136336.0,,,,,71.064,,,,,,,
136337.0,,,,,71.063,,,,,,,
136422.0,,,,44.948,,,,,,,,
136666.0,,,,,,,,,,59.551,,
136723.0,,,,,,,,,45.822,,,
136731.0,,,,,,,,,50.694,,,
136818.0,,,,,,,62.932,,,,,
137291.0,,,,,,,,48.03,,,,
137680.0,,,,,,,,,,,38.001,
137681.0,,,,,,,,,,,38.001,
137805.0,,,,,,,63.072,,,,,
137999.0,,,,,,,,,,59.286,,
138597.0,,,,,,,63.202,,,,,
138735.0,,,,,,,,,,59.578,,
138928.0,,,,,,,,,,60.365,,
138978.0,,,,41.469,,,,,,,,
138980.0,,,,44.954,,,,,,,,
139054.0,,,,,,62.1065,,,,,,
139055.0,,,,,,53.045,,,,,,
139057.0,,,,,,71.163,,,,,,
139125.0,,,,,,,,,,,37.881,
139128.0,,,,,,,,,,,37.879,
139626.0,,,,,,,63.094,,,,,
139632.0,,,,,,,,,,60.673,,
140164.0,,,,,69.486,,,,,,,
140174.0,,,,,69.477,,,,,,,
140322.0,,,,,,,,,,,,31.851999999999997
140323.0,,,,,,,,,,,,33.80533333333333
140357.0,,,,,,,,48.124,,,,
140358.0,,,,,,,,48.123,,,,
140383.0,,,,,,,,,,,37.955,
140568.0,,,,,,,63.323,,,,,
140691.0,,,,,,64.6155,,,,,,
140692.0,,,,,,62.97666666666667,,,,,,
141070.0,,,,,,,,,,60.318,,
141484.0,,,,,,,63.287,,,,,
141640.0,,,,41.502,,,,,,,,
141644.0,,,,44.845,,,,,,,,
141677.0,,,,,,,,,,,38.907000000000004,
141990.0,,,,,,,,,,60.517,,
141994.0,,,,,,,,,,61.337,,
142465.0,,,,,,,,,,62.066,,
142510.0,,,,,,,63.178,,,,,
142813.0,,,,,,,,47.714333333333336,,,,
142889.0,,,,,,,,,,,,32.2575
142891.0,,,,,,,,,,,,33.273
142892.0,,,,,,,,,,,,33.272
142982.0,,,,,71.037,,,,,,,
142983.0,,,,,71.036,,,,,,,
143418.0,,,,,,,63.399,,,,,
144147.0,,,,,,,,48.126,,,,
144148.0,,,,,,,,48.125,,,,
144149.0,,,,,,,,48.125,,,,
144199.0,,,,,,,,,44.4015,,,
144200.0,,,,,,,,,44.856,,,
144301.0,,,,41.358,,,,,,,,
144850.0,,,,,,,,,,,37.987,
145223.0,,,,43.778,,,,,,,,
145835.0,,,,,,,,,42.56433333333334,,,
145836.0,,,,,,,,,44.131,,,
145840.0,,,,,,,,,41.775,,,
146016.0,,,117.864,,,,,,,,,
146363.0,,,,,,,,,,,,39.1695
146364.0,,,,,,,,,,,,42.292
146470.0,,,,,,,,,,,37.59633333333333,
146860.0,,,,41.575,,,,,,,,
146989.0,,,,,68.911,,,,,,,
146990.0,,,,,68.91,,,,,,,
147218.0,,,,,,,,47.818,,,,
147219.0,,,,,,,,47.817,,,,
147693.0,,,,,,,,,,,37.607,
147987.0,,,,43.721,,,,,,,,
148245.0,,,,49.712,,,,,,,,
148246.0,,,,46.057,,,,,,,,
148247.0,,,,47.15,,,,,,,,
148248.0,,,,48.212,,,,,,,,
148249.0,,,,53.85566666666667,,,,,,,,
148250.0,,,,57.8505,,,,,,,,
148251.0,,,,53.805,,,,,,,,
148252.0,,,,58.408500000000004,,,,,,,,
148257.0,,,,63.680499999999995,,,,,,,,
148261.0,,,,66.2875,,,,,,,,
148264.0,,,,69.662,,,,,,,,
148265.0,,,,68.225,,,,,,,,
148267.0,,,,70.988,,,,,,,,
148275.0,,,,74.976,,,,,,,,
148278.0,,,,72.31,,,,,,,,
148283.0,,,,73.739,,,,,,,,
148289.0,,,,77.52,,,,,,,,
148291.0,,,,76.496,,,,,,,,
148302.0,,,,82.732,,,,,,,,
148305.0,,,,79.249,,,,,,,,
148308.0,,,,80.164,,,,,,,,
148309.0,,,,81.905,,,,,,,,
148312.0,,,,84.666,,,,,,,,
148320.0,,,,85.272,,,,,,,,
149629.0,,,,86.539,,,,,,,,
150652.0,,,,84.988,,,,,,,,
152291.0,,,,86.42,,,,,,,,
153312.0,,,,84.993,,,,,,,,
154952.0,,,,86.346,,,,,,,,
156077.0,,,,84.992,,,,,,,,
157614.0,,,,86.438,,,,,,,,
158741.0,,,,85.065,,,,,,,,
160277.0,,,,86.429,,,,,,,,
161403.0,,,,85.299,,,,,,,,
162835.0,,,,86.529,,,,,,,,
164167.0,,,,85.199,,,,,,,,
165497.0,,,,86.527,,,,,,,,
166830.0,,,,87.757,,,,,,,,
168159.0,,,,84.892,,,,,,,,
